age,balance,job,marital,housing,loan,y
38,7255,management,married,yes,no,no
34,370,technician,single,no,no,no
31,949,management,single,yes,no,no
34,332,technician,single,no,no,no
55,0,retired,married,no,no,no
44,2083,retired,divorced,yes,no,no
43,-169,admin.,married,yes,no,no
30,1286,technician,single,no,no,no
35,417,technician,single,no,no,no
53,0,management,married,yes,no,no
45,0,entrepreneur,married,no,no,no
59,1980,retired,married,no,no,no
49,-757,technician,divorced,yes,yes,no
46,655,management,single,no,yes,no
53,4493,admin.,married,no,no,no
34,178,technician,married,yes,no,no
42,3842,admin.,married,no,no,no
47,1303,blue-collar,married,no,no,no
31,304,technician,single,no,no,no
30,2592,management,single,no,no,no
57,3367,unemployed,married,no,no,no
45,524,admin.,married,yes,no,yes
35,260,services,married,yes,no,no
40,492,management,divorced,no,yes,no
44,1786,blue-collar,married,yes,no,no
49,80,technician,married,no,no,no
39,211,technician,married,no,no,no
31,-90,services,married,no,yes,no
54,831,management,married,yes,yes,no
39,12848,blue-collar,married,yes,no,no
49,15,blue-collar,divorced,yes,no,no
43,0,technician,married,no,no,no
29,2417,management,married,yes,no,no
32,252,services,married,yes,yes,no
28,232,self-employed,married,yes,yes,no
53,545,admin.,single,yes,no,no
53,257,admin.,married,no,no,no
36,186,technician,married,yes,no,no
32,-252,technician,married,yes,no,no
42,942,unknown,single,no,no,yes
47,205,blue-collar,married,yes,no,no
42,198,blue-collar,divorced,no,no,no
29,718,housemaid,single,yes,no,no
41,59,blue-collar,married,yes,no,no
30,800,technician,single,no,no,no
33,876,management,married,no,no,no
52,82,admin.,married,yes,yes,no
34,0,unemployed,married,yes,no,no
36,54,technician,divorced,yes,no,yes
32,553,management,married,yes,no,no
50,306,unemployed,married,yes,no,no
27,6421,unknown,single,no,no,no
36,203,management,married,no,no,yes
61,1471,management,married,no,no,no
30,2278,technician,married,no,yes,no
44,2523,blue-collar,married,yes,no,no
39,378,admin.,married,no,no,no
56,17,services,married,no,yes,no
60,-317,technician,divorced,yes,no,no
47,0,entrepreneur,divorced,no,no,no
27,0,blue-collar,single,yes,no,no
44,1087,blue-collar,married,yes,no,no
46,271,housemaid,married,yes,no,yes
56,4763,services,married,yes,no,no
41,293,blue-collar,married,yes,yes,no
35,913,blue-collar,married,yes,no,no
27,-69,management,single,yes,no,yes
35,-504,services,divorced,no,no,no
55,-196,self-employed,married,yes,no,no
45,644,management,divorced,yes,no,yes
28,731,housemaid,single,yes,no,no
59,-471,retired,married,no,no,no
57,595,management,married,no,no,no
44,1,services,divorced,yes,no,no
34,360,blue-collar,married,yes,no,no
64,380,retired,married,no,no,yes
45,419,blue-collar,married,no,no,no
42,284,housemaid,single,yes,no,no
32,5204,technician,single,no,no,no
45,827,blue-collar,married,yes,no,no
33,338,technician,single,yes,no,no
57,11632,housemaid,divorced,no,no,no
52,5728,management,single,yes,no,no
35,1,admin.,married,yes,yes,no
59,182,housemaid,married,no,no,no
35,3000,management,single,yes,no,no
36,28,housemaid,single,no,yes,no
30,805,management,married,no,no,no
39,313,management,single,no,yes,no
30,112,management,married,yes,no,no
40,118,admin.,single,yes,no,no
53,145,blue-collar,divorced,yes,no,no
54,284,management,married,yes,yes,no
56,605,housemaid,married,no,no,no
33,334,management,married,no,no,no
51,43,retired,divorced,no,no,no
51,11222,technician,single,yes,no,no
54,1433,technician,single,yes,yes,no
49,137,entrepreneur,married,yes,no,no
60,93,blue-collar,married,no,yes,no
29,5894,management,single,yes,no,no
29,3041,management,single,yes,no,yes
56,3172,management,married,yes,no,no
35,270,blue-collar,married,yes,yes,no
33,2979,technician,single,no,no,yes
48,354,entrepreneur,married,yes,no,no
61,175,housemaid,married,no,no,no
26,243,management,married,no,no,yes
33,595,entrepreneur,married,no,no,no
38,669,admin.,married,yes,yes,no
36,2235,blue-collar,single,yes,no,no
32,644,technician,single,yes,yes,no
61,0,retired,divorced,no,no,no
38,263,blue-collar,single,yes,no,no
46,357,management,married,yes,yes,no
39,581,blue-collar,single,yes,no,no
32,1232,management,married,no,no,no
38,76,management,married,no,no,yes
27,450,management,single,yes,no,no
40,500,technician,married,yes,no,no
37,337,management,single,yes,no,no
35,353,technician,married,no,no,no
56,16125,entrepreneur,married,no,no,no
40,4186,technician,married,no,no,no
57,27069,technician,married,no,yes,no
31,3382,technician,married,no,no,yes
37,4721,management,married,no,no,no
30,280,services,married,yes,yes,no
56,2272,services,divorced,yes,no,no
58,0,blue-collar,married,no,no,no
39,-328,admin.,divorced,no,yes,no
32,305,admin.,married,yes,no,no
48,-205,technician,married,yes,yes,no
47,373,blue-collar,married,yes,no,no
57,2439,retired,divorced,yes,no,no
37,-886,technician,married,yes,no,no
42,4279,housemaid,married,yes,no,no
54,1241,unknown,married,no,no,no
40,2244,technician,single,no,yes,no
41,-195,management,married,no,yes,no
38,0,technician,divorced,yes,no,no
36,0,management,married,yes,no,no
39,-41,technician,single,no,yes,no
31,271,technician,single,yes,no,no
29,-32,services,single,no,yes,no
39,3825,technician,married,no,yes,no
38,19,admin.,divorced,yes,no,yes
36,2151,technician,single,yes,no,no
44,976,blue-collar,married,yes,no,no
57,3875,retired,divorced,no,no,no
29,-526,admin.,married,yes,no,no
30,102,technician,single,yes,no,no
31,229,self-employed,married,no,no,no
58,4152,management,married,yes,no,yes
37,638,blue-collar,divorced,yes,no,no
52,9687,technician,married,yes,no,no
59,-187,housemaid,married,yes,no,no
77,1208,retired,married,no,no,no
29,2344,management,single,yes,no,no
43,10072,self-employed,married,no,no,no
40,1598,management,married,yes,yes,yes
47,46,housemaid,single,no,no,no
39,804,unemployed,single,no,no,no
30,2143,management,single,yes,yes,no
52,990,blue-collar,married,no,no,no
28,115,blue-collar,married,yes,no,no
38,35,blue-collar,married,yes,no,no
45,1118,technician,married,yes,no,no
33,146,admin.,single,no,no,yes
35,109,blue-collar,single,yes,no,no
60,2150,retired,married,yes,yes,no
26,-72,services,single,yes,no,no
34,5057,admin.,single,yes,no,no
31,36,technician,single,no,no,no
46,14,blue-collar,married,no,no,no
40,400,unemployed,married,no,no,no
30,270,admin.,single,no,no,yes
60,92,management,married,no,no,no
42,473,technician,married,yes,no,no
55,217,technician,divorced,yes,yes,no
36,-870,blue-collar,married,yes,no,no
64,440,retired,married,no,no,yes
31,523,admin.,single,no,yes,no
78,631,retired,divorced,no,no,no
35,-229,technician,single,yes,no,no
58,443,services,married,no,no,no
53,1661,admin.,married,yes,yes,no
43,0,blue-collar,married,yes,no,no
40,1802,blue-collar,married,yes,no,no
49,3570,housemaid,married,no,no,no
44,-68,management,married,no,yes,no
30,-1105,management,divorced,yes,no,no
45,265,technician,married,no,no,no
52,337,housemaid,divorced,no,no,no
53,1852,blue-collar,married,yes,no,no
38,246,management,married,yes,no,no
60,130,management,married,no,no,no
48,151,entrepreneur,married,no,no,no
50,1612,management,married,no,no,no
51,0,blue-collar,married,yes,no,no
58,260,housemaid,married,yes,no,no
30,554,blue-collar,married,yes,no,no
54,6449,retired,married,no,no,no
61,86,retired,married,no,no,yes
58,69,retired,married,no,no,no
28,6791,management,single,no,no,no
44,1127,technician,married,yes,no,no
37,3,services,married,yes,no,no
37,444,student,single,no,no,yes
39,6,technician,married,yes,no,no
42,357,self-employed,married,no,no,no
27,0,housemaid,married,yes,no,no
29,231,management,married,no,no,no
28,1010,unemployed,single,yes,no,no
43,94,services,married,yes,yes,no
37,257,management,married,no,no,no
43,1123,blue-collar,married,yes,no,no
42,1079,management,married,no,no,no
36,347,blue-collar,married,no,no,no
28,56,blue-collar,single,yes,no,no
51,-17,blue-collar,married,no,no,no
38,1,services,married,yes,no,no
57,5486,services,married,yes,no,no
39,4,housemaid,married,yes,yes,no
57,106,unknown,married,no,no,no
34,1,admin.,single,yes,no,no
41,683,admin.,married,no,yes,no
34,5284,management,single,yes,no,no
36,678,management,single,no,yes,no
48,-1157,management,married,no,yes,no
56,212,retired,divorced,no,yes,no
42,6250,technician,married,no,no,no
79,631,retired,divorced,no,no,no
26,0,admin.,single,yes,no,no
26,1134,student,single,no,no,yes
36,162,services,divorced,yes,no,no
57,2610,technician,married,no,no,no
31,4924,management,married,yes,no,no
29,405,admin.,single,yes,no,no
46,250,technician,married,no,no,no
32,1328,entrepreneur,married,yes,no,no
52,273,self-employed,married,no,no,no
32,95,blue-collar,married,yes,no,no
19,134,student,single,no,no,yes
56,660,unemployed,married,yes,no,no
31,147,management,single,no,no,yes
53,314,blue-collar,married,yes,no,no
46,0,unknown,married,no,no,no
28,207,admin.,single,yes,no,no
42,1225,self-employed,single,no,no,no
28,642,admin.,married,yes,no,no
35,4655,services,married,no,no,no
40,360,technician,single,yes,no,no
33,0,management,divorced,no,no,no
29,4557,technician,married,no,no,no
26,3160,admin.,married,yes,no,no
31,725,management,single,yes,no,no
38,0,management,married,no,no,no
39,1367,services,married,yes,no,no
29,238,admin.,married,no,no,no
40,1074,blue-collar,married,yes,no,no
59,3812,retired,married,yes,no,no
24,541,admin.,married,yes,no,no
42,23,admin.,divorced,no,yes,no
36,3111,blue-collar,single,yes,no,no
39,15,management,married,yes,yes,no
38,0,blue-collar,single,yes,no,no
30,32,management,married,yes,no,no
32,937,management,married,no,no,no
33,2358,services,divorced,yes,no,no
48,1513,blue-collar,married,no,yes,no
27,3955,blue-collar,single,yes,no,no
33,10,technician,divorced,yes,yes,no
30,359,technician,single,yes,no,no
38,2496,technician,single,no,no,no
25,914,technician,married,yes,no,no
55,273,retired,married,no,no,no
38,0,blue-collar,divorced,no,no,no
54,1223,blue-collar,married,yes,no,no
48,0,unemployed,married,no,no,no
42,1990,unemployed,married,yes,yes,no
47,459,services,married,no,no,no
35,726,technician,single,yes,no,no
26,681,entrepreneur,single,no,yes,no
36,481,management,married,yes,no,no
46,2207,technician,married,yes,no,no
54,5475,management,divorced,no,no,yes
48,4852,management,married,no,no,no
48,1559,self-employed,married,no,no,no
27,1301,unemployed,single,no,no,no
58,90,retired,married,yes,no,no
39,5060,management,married,yes,no,no
32,1518,blue-collar,married,yes,no,no
29,273,technician,married,no,no,yes
30,1395,technician,single,yes,no,no
52,7225,blue-collar,married,no,no,no
54,0,retired,married,yes,no,no
57,75,blue-collar,married,no,no,no
31,510,technician,married,yes,no,no
34,11,management,married,yes,no,no
40,4,admin.,divorced,yes,no,no
29,-211,admin.,married,yes,no,no
35,507,blue-collar,single,no,no,no
32,0,blue-collar,married,yes,no,no
26,54,services,married,yes,no,no
26,351,technician,married,yes,no,no
51,297,management,single,yes,no,yes
27,10451,technician,married,yes,no,no
41,8,blue-collar,married,yes,no,no
37,342,services,single,yes,no,no
41,371,management,married,yes,no,no
34,123,blue-collar,married,yes,no,no
30,2573,technician,single,yes,no,no
33,4790,technician,married,yes,no,no
45,72,admin.,married,yes,yes,no
41,21,housemaid,single,no,no,no
59,3843,retired,married,no,no,no
33,289,management,married,no,no,no
30,1019,services,married,no,no,no
49,626,technician,married,yes,no,no
31,19,blue-collar,single,yes,no,no
59,0,retired,married,no,no,yes
34,142,services,married,yes,no,no
40,1836,services,married,yes,no,yes
31,247,entrepreneur,single,yes,yes,no
34,326,housemaid,married,no,no,no
36,520,blue-collar,married,yes,no,no
32,268,services,married,no,no,no
35,260,blue-collar,married,yes,no,no
34,145,entrepreneur,married,yes,yes,no
32,366,admin.,married,no,no,yes
44,31,entrepreneur,married,no,no,no
48,48,blue-collar,married,yes,yes,no
50,1293,blue-collar,married,no,yes,no
41,1,admin.,married,yes,no,yes
49,3376,housemaid,married,no,no,no
31,352,admin.,married,no,no,no
31,8781,admin.,married,yes,no,yes
31,202,technician,divorced,yes,no,no
41,159,technician,single,no,no,no
60,3,self-employed,married,no,no,no
34,567,blue-collar,married,no,yes,no
41,759,entrepreneur,married,yes,no,no
52,213,self-employed,married,yes,no,no
38,9618,admin.,married,yes,no,no
62,135,technician,married,yes,no,no
32,5164,blue-collar,married,no,no,no
40,59,blue-collar,married,yes,no,no
53,6181,technician,married,no,no,yes
44,-24,blue-collar,single,no,no,no
29,144,management,single,yes,no,no
51,0,self-employed,single,yes,no,no
49,762,blue-collar,married,yes,no,no
38,710,services,divorced,yes,no,no
40,189,admin.,married,yes,no,no
29,313,blue-collar,married,yes,no,no
43,1109,blue-collar,married,yes,no,no
51,17418,unemployed,married,yes,no,no
29,0,services,married,yes,yes,no
39,156,entrepreneur,married,no,yes,no
36,0,unemployed,single,yes,no,no
35,1599,management,single,yes,yes,yes
52,5275,blue-collar,married,no,yes,no
26,206,technician,single,no,no,no
50,159,admin.,married,yes,no,no
28,897,admin.,married,no,no,no
34,1009,management,single,yes,no,no
65,1097,management,married,no,no,no
47,3957,admin.,single,yes,no,no
21,330,student,single,no,no,no
49,-471,unemployed,married,yes,no,no
34,1182,services,married,yes,no,no
59,509,housemaid,married,no,yes,no
38,1314,technician,single,yes,yes,no
32,500,management,married,no,no,no
24,358,student,single,no,no,yes
33,-2,management,single,no,yes,no
45,80,management,married,no,yes,no
39,463,blue-collar,divorced,yes,no,no
30,3028,technician,divorced,yes,no,no
53,1452,retired,married,no,yes,no
33,0,management,married,no,no,no
45,-320,blue-collar,married,yes,no,no
32,524,technician,married,no,no,no
44,0,management,married,no,no,no
27,112,admin.,divorced,yes,no,no
50,326,admin.,married,yes,no,no
36,40,blue-collar,single,yes,no,yes
32,471,technician,single,no,no,no
49,425,technician,married,yes,no,no
45,0,blue-collar,married,yes,no,no
58,2777,admin.,married,yes,no,no
35,221,unemployed,single,no,no,no
30,1456,management,single,yes,no,no
31,0,blue-collar,married,no,no,no
36,281,admin.,divorced,no,no,no
38,275,technician,single,yes,no,no
25,173,technician,single,yes,no,no
48,1811,unemployed,married,yes,no,no
67,2,retired,married,no,no,no
46,456,blue-collar,married,no,yes,yes
44,1858,management,married,no,no,no
32,312,management,married,no,no,no
34,0,housemaid,married,yes,no,yes
31,-112,blue-collar,married,no,yes,no
69,4572,retired,divorced,no,no,yes
33,6419,technician,married,no,no,no
41,1559,management,married,no,no,no
59,96,housemaid,married,no,no,no
37,105,services,single,no,yes,no
63,0,management,married,no,no,no
27,276,admin.,single,yes,no,no
35,298,student,single,yes,no,no
31,900,services,single,yes,no,no
36,495,management,married,no,no,yes
47,201,services,divorced,yes,no,no
38,-272,entrepreneur,married,no,yes,no
37,1967,admin.,married,no,no,yes
36,2646,management,single,no,no,yes
32,34646,technician,single,no,no,yes
28,100,blue-collar,married,yes,yes,no
37,2678,services,married,no,no,yes
37,0,admin.,married,yes,no,no
44,-1636,management,married,yes,yes,no
28,2736,admin.,single,no,no,yes
46,5559,management,married,no,no,no
54,153,management,married,no,no,no
28,0,blue-collar,married,no,no,no
34,336,blue-collar,married,yes,no,no
60,136,blue-collar,married,yes,no,no
51,78,blue-collar,divorced,yes,no,no
26,246,blue-collar,married,yes,no,yes
50,512,admin.,married,yes,yes,no
49,502,management,married,no,no,no
32,1047,management,single,yes,no,no
34,1434,unknown,married,no,no,no
39,1969,blue-collar,married,no,no,no
45,3007,technician,married,no,no,no
49,4667,technician,married,yes,no,no
39,375,management,single,yes,no,no
27,438,management,single,yes,no,no
30,188,management,single,no,no,no
35,257,technician,married,yes,yes,no
33,202,blue-collar,married,yes,no,no
49,181,technician,divorced,yes,no,no
29,1992,admin.,single,no,no,no
47,0,self-employed,married,no,no,no
34,991,services,divorced,yes,no,no
51,480,blue-collar,married,yes,no,no
42,287,entrepreneur,married,yes,yes,no
38,61,services,divorced,no,no,yes
29,291,entrepreneur,married,yes,no,no
38,70,housemaid,divorced,no,no,yes
31,86,unemployed,married,yes,yes,yes
25,0,management,single,no,yes,no
45,946,admin.,single,yes,no,no
37,1649,entrepreneur,married,no,yes,yes
59,396,management,married,yes,no,no
45,1577,blue-collar,married,yes,no,no
50,267,blue-collar,married,yes,no,no
27,202,blue-collar,married,no,yes,no
25,17,management,single,yes,no,no
37,281,admin.,married,yes,no,no
70,3230,retired,married,no,no,no
45,830,self-employed,married,no,no,no
38,526,self-employed,married,no,no,no
41,2919,technician,single,yes,no,no
37,223,blue-collar,married,yes,no,no
37,767,management,single,no,no,no
35,254,technician,married,no,no,no
39,0,technician,married,yes,no,no
37,912,admin.,single,yes,no,yes
37,-483,services,married,yes,yes,no
39,2208,unemployed,single,no,no,no
39,271,management,married,yes,no,yes
39,163,admin.,single,yes,no,no
26,500,blue-collar,married,yes,no,no
50,100,admin.,married,yes,no,no
31,243,housemaid,married,yes,no,yes
57,14,services,divorced,no,yes,no
55,264,technician,married,yes,yes,yes
29,242,self-employed,married,yes,no,no
58,1430,services,single,yes,no,no
49,220,services,married,yes,no,no
41,64,technician,married,yes,yes,no
29,912,blue-collar,married,yes,no,no
28,0,blue-collar,married,yes,yes,no
42,77,technician,single,no,yes,no
53,1357,technician,married,no,no,no
34,13204,management,divorced,yes,yes,no
23,272,blue-collar,married,no,no,yes
55,835,blue-collar,married,yes,no,no
30,638,entrepreneur,single,no,no,no
39,1046,blue-collar,married,no,no,no
36,536,blue-collar,married,yes,no,yes
35,33,technician,single,no,no,no
31,29,services,married,no,no,no
48,194,blue-collar,married,yes,no,no
39,446,blue-collar,single,yes,no,no
57,1430,services,single,yes,no,no
46,549,management,married,no,no,no
30,2493,blue-collar,married,no,no,yes
57,6900,management,married,no,no,no
54,9,self-employed,married,yes,no,no
39,1099,services,married,no,no,no
33,-32,technician,single,no,no,no
35,103,technician,divorced,yes,no,no
30,102,management,married,yes,no,yes
26,158,housemaid,married,no,yes,no
33,15,management,single,no,no,no
37,213,blue-collar,married,no,yes,no
55,639,technician,married,yes,no,no
22,254,student,single,no,no,yes
74,279,retired,married,no,no,no
39,-186,blue-collar,married,no,yes,no
33,1646,services,single,yes,no,no
31,1716,blue-collar,married,yes,no,no
38,689,blue-collar,married,yes,no,no
45,1805,blue-collar,divorced,no,no,no
44,-153,technician,married,no,yes,no
36,0,management,married,yes,no,yes
47,214,blue-collar,married,yes,yes,no
35,10,admin.,single,no,yes,no
26,1,blue-collar,single,yes,no,no
58,3260,retired,married,no,no,no
44,323,entrepreneur,single,no,no,yes
27,-67,technician,single,yes,no,yes
37,89,blue-collar,married,yes,no,no
42,4,blue-collar,married,yes,yes,no
51,333,management,married,no,yes,no
34,215,services,single,no,no,no
32,613,admin.,single,yes,no,no
33,272,technician,married,yes,no,no
39,172,blue-collar,single,yes,no,no
46,-333,management,married,no,yes,no
37,5115,technician,married,yes,no,no
42,214,admin.,married,yes,no,no
51,636,services,married,yes,yes,no
39,141,management,married,yes,no,no
42,756,admin.,married,no,no,no
26,2158,services,single,yes,yes,no
37,131,management,single,no,no,no
41,803,services,married,yes,no,yes
35,0,services,married,no,yes,no
36,330,blue-collar,married,yes,no,no
32,187,services,single,yes,no,no
51,8265,management,single,yes,no,no
44,399,admin.,married,yes,yes,no
46,1666,blue-collar,married,yes,no,no
35,4959,unemployed,single,no,no,no
30,460,management,single,yes,no,no
46,-1361,technician,divorced,yes,yes,no
32,187,admin.,married,no,yes,no
58,1798,unemployed,married,yes,no,no
48,2071,blue-collar,divorced,no,no,no
35,414,blue-collar,married,no,no,yes
53,529,technician,married,yes,no,no
29,577,blue-collar,married,yes,no,no
30,191,blue-collar,single,no,no,no
35,77,blue-collar,married,yes,no,no
32,2341,technician,single,yes,no,no
43,9304,self-employed,married,no,no,no
49,3649,services,divorced,yes,yes,no
28,2,blue-collar,married,yes,no,no
33,561,management,single,no,no,no
32,948,technician,single,yes,no,no
31,23,blue-collar,single,no,no,no
37,121,admin.,married,no,no,no
39,276,services,married,yes,yes,no
27,-437,technician,single,no,no,no
41,4711,technician,married,yes,no,no
49,3309,blue-collar,married,yes,no,no
40,0,self-employed,married,no,no,no
39,437,entrepreneur,married,yes,no,yes
40,664,admin.,single,no,no,yes
60,116,technician,married,no,no,yes
36,918,admin.,single,yes,no,no
31,272,services,married,yes,no,no
58,219,unknown,married,no,no,no
43,207,services,divorced,yes,no,no
54,0,technician,married,no,no,yes
51,-461,management,single,yes,no,no
54,364,management,married,yes,no,no
61,938,retired,married,no,no,no
50,311,admin.,married,yes,yes,no
49,0,blue-collar,divorced,yes,no,no
33,1962,management,single,no,no,yes
36,673,management,married,yes,no,yes
26,786,blue-collar,single,yes,yes,no
21,519,technician,single,no,no,no
41,0,management,married,no,yes,no
46,625,management,married,yes,no,no
35,817,technician,single,yes,no,no
32,736,blue-collar,married,yes,no,no
46,548,self-employed,married,no,no,yes
31,924,management,single,no,no,yes
44,27,technician,single,no,no,no
45,819,technician,single,no,yes,no
30,1177,blue-collar,married,no,yes,no
31,631,blue-collar,married,yes,no,no
46,4917,management,divorced,yes,yes,no
41,2457,management,married,yes,no,no
52,17,admin.,married,no,no,no
34,286,admin.,single,yes,no,no
35,385,management,single,yes,no,no
35,4698,admin.,married,yes,no,no
34,201,management,married,no,no,no
57,1037,entrepreneur,married,yes,yes,no
25,431,blue-collar,single,yes,no,no
30,0,blue-collar,single,yes,no,no
58,5788,blue-collar,married,no,no,no
47,536,technician,married,yes,no,no
41,9935,management,married,no,no,no
57,5935,blue-collar,married,yes,yes,no
41,0,entrepreneur,divorced,yes,no,no
35,85,blue-collar,single,no,no,no
32,202,management,single,no,no,no
30,1130,management,single,yes,no,no
40,9110,admin.,married,yes,no,no
29,590,services,divorced,yes,no,no
51,598,blue-collar,married,yes,no,no
42,-266,self-employed,married,no,yes,no
55,23189,management,married,yes,no,no
39,1751,blue-collar,married,no,no,no
30,436,technician,married,yes,no,no
39,295,blue-collar,married,yes,no,no
34,244,services,married,no,no,no
44,7800,technician,married,yes,no,no
69,579,retired,married,no,no,no
58,7798,unemployed,divorced,no,no,no
41,0,management,married,yes,no,no
44,248,admin.,married,yes,no,no
37,430,technician,married,no,no,no
28,655,unemployed,married,yes,no,no
39,0,management,married,no,no,no
32,820,management,married,yes,no,no
52,732,management,married,no,no,no
31,0,services,single,yes,no,no
58,494,blue-collar,married,no,no,no
51,53,services,married,yes,no,no
38,61,technician,married,yes,no,no
46,0,admin.,married,yes,no,no
40,170,services,married,yes,yes,no
40,-81,services,divorced,no,yes,no
32,180,blue-collar,married,yes,no,no
58,610,retired,married,yes,no,no
32,376,services,divorced,yes,no,no
50,964,management,married,yes,no,no
32,5514,technician,single,no,no,yes
53,5094,admin.,married,no,no,no
32,881,technician,single,no,no,no
60,7440,retired,single,yes,no,no
49,1712,technician,married,yes,no,no
38,238,technician,married,no,no,no
46,2817,management,married,no,no,yes
56,3149,retired,married,no,no,no
52,2851,admin.,married,no,yes,no
30,19796,management,single,no,no,no
36,265,technician,single,yes,yes,no
36,1,entrepreneur,married,yes,no,no
48,292,blue-collar,married,no,no,yes
35,204,entrepreneur,married,yes,no,no
30,554,blue-collar,married,yes,no,no
27,290,technician,single,no,no,no
57,231,housemaid,divorced,yes,no,no
40,2040,admin.,single,yes,no,yes
40,1358,services,married,no,no,no
59,315,management,married,no,no,no
53,210,blue-collar,single,yes,no,no
42,234,technician,married,no,no,no
39,2445,management,married,no,no,no
55,16,housemaid,married,no,no,no
40,-626,management,divorced,yes,no,no
24,414,services,single,yes,no,yes
34,0,admin.,single,yes,no,no
29,404,entrepreneur,single,no,no,no
37,115,management,married,no,no,no
43,46,management,married,no,no,no
35,2298,blue-collar,single,no,no,no
80,499,housemaid,married,no,no,no
50,706,admin.,married,yes,no,yes
46,3969,blue-collar,married,no,no,no
59,7469,unemployed,divorced,no,no,no
32,124,management,married,no,no,no
33,1657,management,married,yes,no,no
50,1277,management,single,no,no,no
28,858,unemployed,married,yes,no,no
33,1034,entrepreneur,married,yes,no,no
48,363,blue-collar,married,yes,no,no
35,4922,technician,married,yes,no,yes
36,1453,unemployed,married,no,no,no
45,430,blue-collar,married,no,yes,no
30,2303,unemployed,single,no,no,no
47,673,blue-collar,married,no,yes,no
28,751,blue-collar,married,yes,no,yes
44,608,services,divorced,yes,yes,no
37,2120,blue-collar,married,yes,no,yes
69,23592,services,married,no,no,no
44,496,services,divorced,yes,yes,no
76,2302,retired,married,no,no,no
29,132,technician,married,yes,yes,no
44,1305,admin.,married,no,no,no
35,2801,management,married,yes,no,no
44,51,services,divorced,yes,yes,yes
41,1020,blue-collar,married,yes,no,no
49,2416,services,married,yes,no,yes
61,6610,self-employed,divorced,no,no,yes
38,69,technician,single,yes,no,no
27,3629,admin.,single,no,no,no
55,1261,blue-collar,married,no,no,no
23,0,services,married,yes,yes,no
52,-888,services,married,no,no,no
55,0,self-employed,divorced,no,no,no
53,6,services,married,no,no,no
41,1646,technician,single,yes,no,yes
59,59,self-employed,married,no,no,no
27,-247,blue-collar,single,no,yes,no
38,900,management,single,yes,no,no
35,0,unemployed,single,no,no,no
37,33,management,single,yes,no,yes
30,-208,technician,single,yes,yes,no
28,-156,admin.,married,yes,no,no
25,2506,management,single,no,no,yes
48,2263,management,divorced,no,no,yes
23,-213,blue-collar,married,no,no,no
38,213,blue-collar,married,yes,no,no
53,-71,blue-collar,married,yes,no,no
57,63,retired,married,no,no,no
30,1022,management,married,yes,no,no
46,190,blue-collar,married,no,yes,no
27,924,management,single,yes,no,no
67,3377,retired,single,no,no,no
55,283,blue-collar,married,no,yes,no
25,938,student,single,yes,no,no
30,67,management,single,no,no,no
38,91,services,single,no,no,yes
32,1831,management,single,yes,no,no
58,5680,management,married,no,no,no
42,3236,services,married,no,no,no
56,586,management,married,no,no,no
67,696,retired,married,no,no,no
31,10,admin.,married,no,no,no
27,106,blue-collar,married,yes,no,no
54,0,management,single,yes,no,no
32,313,blue-collar,single,yes,yes,no
57,1469,technician,married,yes,no,no
52,1785,blue-collar,single,no,no,no
28,1055,unemployed,single,no,no,no
31,0,admin.,single,yes,no,no
38,326,admin.,married,yes,no,no
35,433,technician,single,yes,no,no
51,203,blue-collar,divorced,yes,no,no
30,790,technician,single,no,no,no
26,229,housemaid,single,yes,no,no
31,2577,blue-collar,married,yes,no,no
44,5780,services,married,yes,no,no
33,20794,management,single,no,no,no
66,0,retired,married,no,no,no
42,1289,unemployed,married,no,no,yes
35,1379,management,single,no,no,no
36,64,blue-collar,divorced,no,no,no
20,53,student,single,no,no,no
42,8899,technician,married,yes,no,no
26,254,self-employed,married,yes,yes,no
30,78,management,single,yes,no,no
32,336,unemployed,single,yes,no,no
30,395,blue-collar,single,no,no,no
33,1165,blue-collar,married,yes,no,no
52,370,technician,married,yes,no,no
48,0,management,married,yes,no,no
50,-1415,admin.,married,no,no,no
38,0,technician,married,no,no,no
48,334,management,single,yes,no,yes
59,104,blue-collar,married,yes,no,no
32,14,blue-collar,married,yes,no,no
44,2586,services,divorced,yes,no,no
45,1,management,divorced,no,no,yes
55,10183,unemployed,single,no,no,no
54,52,entrepreneur,married,yes,no,no
52,423,admin.,married,yes,yes,no
28,1238,blue-collar,married,yes,no,no
49,284,admin.,married,yes,no,no
72,4269,retired,married,no,no,no
40,69,unemployed,married,no,yes,no
40,1159,technician,married,no,no,no
40,754,management,married,no,yes,yes
29,-910,technician,married,yes,no,no
46,6215,blue-collar,married,no,no,no
34,-85,services,married,yes,no,no
39,112,admin.,divorced,no,no,yes
49,655,admin.,single,yes,no,no
27,4909,management,married,no,yes,no
42,830,management,divorced,yes,no,no
53,570,blue-collar,married,no,no,no
46,466,management,married,yes,no,no
46,1480,blue-collar,divorced,yes,no,no
56,12,blue-collar,divorced,no,no,no
48,125,services,married,no,no,no
53,431,technician,married,yes,no,no
34,-30,management,married,yes,no,no
